latitud,provincia,altitud,idema,nombre,indsinop,longitud
394924N,ILLES BALEARS,490,B013X,"ESCORCA, LLUC",08304,025309E
394744N,ILLES BALEARS,5,B051A,"SÓLLER, PUERTO",08316,024129E
394121N,ILLES BALEARS,60,B087X,BANYALBUFAR,,023046E
393445N,ILLES BALEARS,52,B103B,ANDRATX - SANT ELM,99103,022208E
393305N,ILLES BALEARS,50,B158X,"CALVIÀ, ES CAPDELLÀ",,022759E
393319N,ILLES BALEARS,3,B228,"PALMA, PUERTO",08301,023731E
393832N,ILLES BALEARS,95,B236C,"PALMA, UNIVERSIDAD",,023837E
394406N,ILLES BALEARS,1030,B248,"SIERRA DE ALFABIA, BUNYOLA",08303,024247E
393621N,BALEARES,49,B275E,"SON BONET, AEROPUERTO",08302,024224E
393339N,ILLES BALEARS,8,B278,"PALMA DE MALLORCA, AEROPUERTO",08306,024412E
392247N,ILLES BALEARS,113,B301,"LLUCMAJOR, CAP BLANC",08308,024706E
392944N,ILLES BALEARS,140,B334X,LLUCMAJOR,,025330E
393022N,BALEARES,149,B341X,PORRERES,,030020E
393118N,ILLES BALEARS,120,B346X,PORRERES,08310,030109E
392421N,ILLES BALEARS,40,B362X,"CAMPOS, CAN SION",,030351E
392104N,ILLES BALEARS,3,B373X,"CAMPOS, SALINES LLEVANT",,030043E
390808N,ILLES BALEARS,165,B398A,"CABRERA, PARQUE NACIONAL DE CABRERA",,025612E
392024N,ILLES BALEARS,45,B410B,SANTANYÍ,,030845E
392452N,ILLES BALEARS,17,B434X,PORTOCOLOM  ,08309,031618E
393749N,ILLES BALEARS,25,B496X,SON SERVERA,,032301E
394119N,ILLES BALEARS,110,B526X,ARTÀ,,032104E
394300N,ILLES BALEARS,57,B569X,CAPDEPERA,08311,032841E
394323N,ILLES BALEARS,99,B603X,ARTÀ-COLÒNIA DE SANT PERE,,031643E
394748N,ILLES BALEARS,2,B605X,"MURO, S'ALBUFERA",,030617E
393325N,ILLES BALEARS,95,B614E,MANACOR,,031304E
393659N,ILLES BALEARS,95,B640X,PETRA,,030716E
393836N,ILLES BALEARS,120,B644B,SINEU,,030008E
393909N,ILLES BALEARS,121,B656A,SANTA MARÍA DEL CAMÍ,,024801E
394041N,ILLES BALEARS,105,B662X,BINISSALEM,,025226E
394734N,ILLES BALEARS,842,B684A,"ESCORCA, SON TORRELLA",,024716E
394454N,BALEARES,40,B691,LA PUEBLA (SA CANOVA),,030055E
394457N,ILLES BALEARS,40,B691Y,SA POBLA,08312,030100E
395237N,ILLES BALEARS,35,B760X,POLLENÇA,,030127E
395434N,ILLES BALEARS,2,B780X,PORT DE POLLENÇA,,030601E
395234N,ILLES BALEARS,78,B800X,"LA MOLA, MAÓ",,041926E
395926N,ILLES BALEARS,80,B825B,ES MERCADAL,,040511E
395934N,ILLES BALEARS,20,B860X,CIUTADELLA,,035114E
395641N,ILLES BALEARS,43,B870C,"CIUTADELLA, CALA GALDANA",,035724E
395117N,ILLES BALEARS,91,B893,"MENORCA, AEROPUERTO",08314,041256E
390322N,ILLES BALEARS,110,B908X,SANT JOAN DE LABRITJA,,012933E
385747N,ILLES BALEARS,32,B925,SANT ANTONI DE PORTMANY,,011917E
385235N,ILLES BALEARS,6,B954,"IBIZA, AEROPUERTO",08373,012304E
385521N,ILLES BALEARS,3,B957,EIVISSA,,012629E
384137N,ILLES BALEARS,24,B986,FORMENTERA,,012749E
285806N,LAS PALMAS,376,C018J,TÍAS,,134129W
285127N,LAS PALMAS,6,C019V,YAIZA,,135010W
285707N,LAS PALMAS,14,C029O,LANZAROTE AEROPUERTO,60040,133601W
290837N,LAS PALMAS,277,C038N,HARÍA,,132921W
290233N,LAS PALMAS,275,C048W,TINAJO,,134051W
284521N,STA. CRUZ DE TENERIFE,2223,C101A,ROQUE DE LOS MUCHACHOS,,175343W
284539N,STA. CRUZ DE TENERIFE,684,C117A,PUNTAGORDA,,175908W
284029N,STA. CRUZ DE TENERIFE,733,C117Z,TIJARAFE,,175613W
283914N,STA. CRUZ DE TENERIFE,844,C126A,EL PASO,,175112W
282718N,STA. CRUZ DE TENERIFE,30,C129V,FUENCALIENTE,,175028W
283545N,STA. CRUZ DE TENERIFE,62,C129Z,TAZACORTE,60004,175455W
283759N,STA. CRUZ DE TENERIFE,33,C139E,LA PALMA AEROPUERTO,60005,174518W
284818N,STA. CRUZ DE TENERIFE,362,C148F,SAN ANDRÉS Y SAUCES,,174657W
280257N,LAS PALMAS,15,C229J,PÁJARA,60034,142129W
281231N,LAS PALMAS,1,C239N,"TUINEJE,PUERTO GRAN TARAJAL",,140123W
282502N,LAS PALMAS,252,C248E,ANTIGUA,,140110W
282641N,LAS PALMAS,25,C249I,FUERTEVENTURA AEROPUERTO,60035,135147W
283645N,LAS PALMAS,217,C258K,LA OLIVA,,135555W
280625N,STA. CRUZ DE TENERIFE,1475,C314Z,"VALLEHERMOSO, ALTO IGUALERO  ",,171457W
280742N,STA. CRUZ DE TENERIFE,916,C316I,ARURE,,171854W
281044N,STA. CRUZ DE TENERIFE,765,C317B,AGULO,,171247W
280316N,STA. CRUZ DE TENERIFE,190,C319W,"VALLEHERMOSO, DAMA",,171824W
280949N,STA. CRUZ DE TENERIFE,252,C328W,HERMIGUA,,171139W
280154N,STA. CRUZ DE TENERIFE,219,C329B,"LA GOMERA, AEROPUERTO",60007,171239W
280523N,STA. CRUZ DE TENERIFE,15,C329Z,SAN SEBASTIÁN DE LA GOMERA,60008,170641W
281327N,STA. CRUZ DE TENERIFE,2150,C406G,"LA OROTAVA, CAÑADAS TEIDE",,163735W
281311N,STA. CRUZ DE TENERIFE,2071,C412N,CITFAGRO_89_CHAVAO,,164219W
281819N,STA. CRUZ DE TENERIFE,990,C415A,CITFAGRO_64_HOYOS,,164820W
281400N,STA. CRUZ DE TENERIFE,735,C417J,CITFAGRO_74_CHIO,,164721W
281252N,STA. CRUZ DE TENERIFE,476,C418I,CITFAGRO_05_GUIAISO1,,164723W
281201N,STA. CRUZ DE TENERIFE,700,C418L,CITFAGRO_76_POZO,,164547W
281225N,STA. CRUZ DE TENERIFE,403,C419L,LOMO DEL BALO,,164731W
280453N,STA. CRUZ DE TENERIFE,130,C419X,ADEJE,,164240W
281019N,STA. CRUZ DE TENERIFE,1833,C422A,CITFAGRO_94_LOSTOPOS,,163905W
281327N,STA. CRUZ DE TENERIFE,1654,C423R,CITFAGRO_90_PICACHO,,163116W
280839N,STA. CRUZ DE TENERIFE,1258,C426E,CITFAGRO_13_VILAFLOR,,163741W
280737N,STA. CRUZ DE TENERIFE,880,C426I,CITFAGRO_77_PINAL,,163621W
281301N,STA. CRUZ DE TENERIFE,930,C426R,CITFAGRO_09_HELECHO,,162926W
281052N,STA. CRUZ DE TENERIFE,418,C428T,ARICO,,162901W
280752N,STA. CRUZ DE TENERIFE,135,C428U,CITFAGRO_01_ARICO,,162821W
280249N,STA. CRUZ DE TENERIFE,64,C429I,TENERIFE SUR AEROPUERTO,60025,163340W
281832N,STA. CRUZ DE TENERIFE,2369,C430E,IZAÑA,60010,162958W
281935N,STA. CRUZ DE TENERIFE,290,C436I,CITFAGRO_54_TOPONEGRO,,162420W
282214N,STA. CRUZ DE TENERIFE,525,C436L,CITFAGRO_96_ARAYA,,162351W
281611N,STA. CRUZ DE TENERIFE,500,C437E,CITFAGRO_81_MENA,,162511W
282132N,STA. CRUZ DE TENERIFE,463,C438N,CANDELARIA,,162405W
281906N,STA. CRUZ DE TENERIFE,115,C439J,GÜÍMAR,60018,162256W
283136N,STA. CRUZ DE TENERIFE,868,C446G,"SAN CRISTÓBAL DE LA LAGUNA,LLANO DE LOS LOROS",,161650W
282839N,STA. CRUZ DE TENERIFE,632,C447A,TENERIFE NORTE AEROPUERTO,60015,161946W
282745N,STA. CRUZ DE TENERIFE,136,C448C,CITFAGRO_92_SANTACRUZ,,161624W
282748N,STA. CRUZ DE TENERIFE,36,C449C,STA. CRUZ DE TENERIFE,60020,161519W
283029N,STA. CRUZ DE TENERIFE,19,C449F,ANAGA ,,161144W
283336N,STA. CRUZ DE TENERIFE,305,C449Q,CITFAGRO_97_TAGANANA,,161341W
282341N,STA. CRUZ DE TENERIFE,1744,C453I,CITFAGRO_88_GAITERO,,162600W
282142N,STA. CRUZ DE TENERIFE,1065,C455M,CITFAGRO_87_AGUAMANSA,,162949W
282714N,STA. CRUZ DE TENERIFE,922,C456E,CITFAGRO_10_RAVELO,,162431W
282141N,STA. CRUZ DE TENERIFE,906,C456P,CITFAGRO_70_BENIJO,,163248W
282222N,STA. CRUZ DE TENERIFE,551,C456R,CITFAGRO_69_SUERTE,,163231W
282658N,STA. CRUZ DE TENERIFE,650,C457E,CITFAGRO_67_MATANZA,,162617W
282605N,STA. CRUZ DE TENERIFE,567,C457I,LA VICTORIA DE ACENTEJO,,162717W
282947N,STA. CRUZ DE TENERIFE,310,C458A,TACORONTE,,162512W
282207N,STA. CRUZ DE TENERIFE,595,C458U,CITFAGRO_71_PALOB,,163441W
282505N,STA. CRUZ DE TENERIFE,25,C459Z,PUERTO DE LA CRUZ,60012,163253W
282021N,STA. CRUZ DE TENERIFE,878,C466O,CITFAGRO_91_CUBO,,164740W
282112N,STA. CRUZ DE TENERIFE,525,C467I,CITFAGRO_73_REDON,,164230W
282201N,STA. CRUZ DE TENERIFE,218,C468I,CITFAGRO_98_ELDRAGO,,164320W
282125N,STA. CRUZ DE TENERIFE,450,C468O,CITFAGRO_62_TRIGO,,164805W
282223N,STA. CRUZ DE TENERIFE,677,C468X,SAN JUAN DE LA RAMBLA,,163733W
275838N,LAS PALMAS,1702,C611E,VEGA DE SAN MATEO,,153502W
280025N,LAS PALMAS,1514,C612F,"TEJEDA, CRUZ DE TEJEDA",,153556W
275943N,LAS PALMAS,1060,C614H,TEJEDA,60038,153657W
280003N,LAS PALMAS,10,C619I,LA ALDEA DE SAN NICOLÁS,60027,154850W
280604N,LAS PALMAS,5,C619X,AGAETE,,154246W
280004N,LAS PALMAS,13,C619Y,LA ALDEA DE SAN NICOLÁS,60027,154827W
275536N,LAS PALMAS,1220,C623I,"SAN BARTOLOME TIRAJANA, CUEVAS DEL PINAR",,153600W
275125N,LAS PALMAS,806,C625O,"SAN BARTOLOME TIRAJANA, LOMOS PEDRO AFONSO",,153842W
275432N,LAS PALMAS,318,C628B,"LA ALDEA DE SAN NICOLÁS, TASARTE",,154612W
274648N,LAS PALMAS,10,C629Q,"MOGÁN, PUERTO RICO",,154240W
274859N,LAS PALMAS,10,C629X,"MOGÁN, PUERTO",60036,154551W
275512N,LAS PALMAS,960,C635B,"SAN BARTOLOME TIRAJANA, LAS TIRAJANAS",,153427W
274529N,LAS PALMAS,45,C639M,"MASPALOMAS, C. INSULAR TURISMO ",,153432W
274845N,LAS PALMAS,41,C639U,"SAN BARTOLOME TIRAJANA, EL MATORRAL",,152712W
275409N,LAS PALMAS,306,C648C,AGÜIMES,,152714W
275915N,LAS PALMAS,344,C648N,"TELDE, CENTRO FORESTAL DORAMAS",,152728W
275504N,LAS PALMAS,24,C649I,GRAN CANARIA AEROPUERTO,60030,152343W
275913N,LAS PALMAS,9,C649R,"TELDE, MELENARA",,152240W
280431N,LAS PALMAS,683,C656V,TEROR,,153250W
280430N,LAS PALMAS,269,C658L,LAS PALMAS DE G.C. (TAFIRA CMT),,152703W
280441N,LAS PALMAS,269,C658X,"LAS PALMAS DE GRAN CANARIA, TAFIRA",,152712W
280523N,LAS PALMAS,55,C659H,"LAS PALMAS DE GRAN CANARIA, SAN CRISTOBAL",60029,152458W
280647N,LAS PALMAS,15,C659M,"LAS PALMAS DE GRAN CANARIA, PL. DE LA FERIA",60032,152517W
280358N,LAS PALMAS,900,C665T,VALLESECO,,153357W
280540N,LAS PALMAS,352,C668V,AGAETE - SUERTE ALTA,,154030W
280830N,LAS PALMAS,86,C669B,ARUCAS,,153025W
274409N,LAS PALMAS,6,C689E,MASPALOMAS,60037,153545W
291355N,LAS PALMAS,10,C839I,TEGUISE,,133007W
291346N,LAS PALMAS,19,C839X,LA GRACIOSA,60045,133037W
274308N,STA. CRUZ DE TENERIFE,948,C916Q,"EL PINAR, DEPÓSITO",,175841W
274331N,STA. CRUZ DE TENERIFE,715,C917E,"EL PINAR, LA DEHESA",,180654W
273955N,STA. CRUZ DE TENERIFE,98,C919K,TACORON-LAPILLAS-TORTUGA,,180107W
274607N,STA. CRUZ DE TENERIFE,1070,C925F,"SAN ANDRÉS, VALVERDE",,175736W
274839N,STA. CRUZ DE TENERIFE,670,C928I,VALVERDE,,175510W
274908N,STA. CRUZ DE TENERIFE,32,C929I,HIERRO AEROPUERTO,60001,175320W
274523N,STA. CRUZ DE TENERIFE,20,C939T,"FRONTERA, SABINOSA",,180624W
405729N,TARRAGONA,32,0002I,VANDELLÒS  ,08169,005217E
411250N,TARRAGONA,406,0009X,ALFORJA,,005748E
410842N,TARRAGONA,71,0016A,REUS AEROPUERTO,08175,010949E
410915N,TARRAGONA,118,0016B,REUS (CENTRE LECTURA),,010632E
411735N,TARRAGONA,233,0034X,VALLS,,011539E
410726N,TARRAGONA,55,0042Y,TARRAGONA ,,011457E
412501N,BARCELONA,632,0061X,PONTONS,,013109E
411949N,BARCELONA,177,0066X,VILAFRANCA DEL PENEDÈS,,014037E
411438N,BARCELONA,58,0073X,SITGES,,015109E
411734N,BARCELONA,4,0076,BARCELONA AEROPUERTO,08181,020412E
420605N,BARCELONA,682,0092X,BERGA,,015127E
415159N,BARCELONA,361,0106X,BALSARENY,,015221E
420025N,BARCELONA,700,0114X,PRATS DE LLUÇANÈS,,020136E
414848N,BARCELONA,742,0120X,MOIÀ,,020543E
414312N,BARCELONA,291,0149D,MANRESA (LA CULLA),,015025E
414312N,BARCELONA,291,0149X,MANRESA,08174,015025E
413540N,BARCELONA,738,0158O,MONTSERRAT,,015021E
413540N,BARCELONA,738,0158X,MONISTROL DE MONTSERRAT,,015021E
413444N,BARCELONA,313,0171X,IGUALADA,08172,013704E
412429N,BARCELONA,647,0194D,"CORBERA, PIC D'AGULLES",08179,015306E
412506N,BARCELONA,408,0200E,"BARCELONA, FABRA",,020727E
412326N,BARCELONA,26,0201D,BARCELONA,08180,021200E
412230N,BARCELONA,11,0201X,"BARCELONA, MUSEO MARÍTIMO",,021026E
413646N,BARCELONA,175,0222X,CALDES DE MONTBUI,,021006E
413125N,BARCELONA,146,0229I,SABADELL AEROPUERTO,08192,020611E
413018N,BARCELONA,56,0244X,VILASSAR DE DALT,,022145E
413515N,BARCELONA,74,0252D,ARENYS DE MAR,08186,023224E
413903N,BARCELONA,40,0255B,SANTA SUSANNA,08188,024149E
414536N,BARCELONA,936,0260X,FOGARS DE MONTCLÚS,,022552E
414037N,GIRONA,45,0281Y,BLANES,,024818E
414828N,GIRONA,14,0284X,"CASTELL, PLATJA D'ARO ",,030151E
415804N,GIRONA,51,0294B,LA BISBAL (D'EMPORDA 3),,030232E
421530N,GIRONA,851,0312X,SANT PAU DE SEGÚRIES,,022152E
421901N,GIRONA,1151,0320I,PLANOLES,,020610E
421322N,GIRONA,731,0321,CAMPDEVANOL,,021002E
421129N,GIRONA,675,0324A,RIPOLL,08118,021146E
415048N,BARCELONA,611,0341,TONA (ESCOLA),,021336E
415049N,BARCELONA,607,0341X,TONA,,021321E
415534N,BARCELONA,578,0349,SANT JULIÀ  DE VILATORTA,08119,021903E
420310N,GIRONA,322,0360X,LES PLANES D'HOSTOLES,,023304E
415251N,GIRONA,810,0363X,SANT HILARI,,023048E
415442N,GIRONA,143,0367,GIRONA AEROPUERTO,08184,024548E
415848N,GIRONA,95,0370B,"GIRONA, ANTIC INSTITUT",,024931E
415820N,GIRONA,76,0370E,GIRONA,,024910E
420616N,GIRONA,157,0372C,PORQUERES,08120,024549E
420314N,GIRONA,1,0385X,L'ESTARTIT,,031205E
421238N,GIRONA,350,0394X,LA VALL DE BIANYA,,022819E
421329N,GIRONA,2,0411X,CASTELLÓ D'EMPÚRIES,,030535E
422313N,GIRONA,355,0413A,MAÇANET DE CABRENYS,,024520E
422324N,GIRONA,100,0421E,ESPOLLA 'LES ALBERES',,030022E
422324N,GIRONA,100,0421X,ESPOLLA,,030022E
421533N,GIRONA,45,0429X,FIGUERES,,025737E
421909N,GIRONA,75,0433D,CABO DE CREUS,08121,031856E
430809N,NAVARRA,183,1002Y,"BAZTAN, IRURITA ",08030,013235W
431643N,NAVARRA,54,1010X,BERA,,014033W
431935N,GIPUZKOA,120,1012P,IRUN,,014748W
432125N,GIPUZKOA,4,1014,"HONDARRIBIA, MALKARROA",08029,014732W
432125N,GIPUZKOA,4,1014A,DONOSTIA / SAN SEBASTIÁN AEROPUERTO,08029,014732W
431247N,GIPUZKOA,165,1021X,"ERRENTERIA, AÑARBE",,015244W
431244N,NAVARRA,305,1021Y,ARTICUTZA (AUTOMATICA),,014752W
431823N,GIPUZKOA,250,1024E,"DONOSTIA / SAN SEBASTIÁN, IGELDO",08027,020228W
430056N,GIPUZKOA,255,1025A,SEGURA,,021524W
430317N,GIPUZKOA,255,1025X,"BEASAIN, ARRIARAN",,021355W
430329N,GIPUZKOA,290,1026X,ORDIZIA,,021103W
430506N,NAVARRA,520,1033X,ARESO,,015703W
430306N,GIPUZKOA,460,1037X,LEGAZPI,,022013W
430448N,GIPUZKOA,420,1037Y,ZUMARRAGA,08037,021903W
431021N,GIPUZKOA,180,1038X,AZPEITIA,,021602W
431808N,GIPUZKOA,28,1041A,ZUMAIA,08026,021504W
430328N,ARABA/ALAVA,617,1044X,"ARAMAIO, ETXAGUEN",,023522W
430130N,GIPUZKOA,308,1048X,ARETXABALETA,,022756W
430818N,GIPUZKOA,470,1049N,ELGETA,,022945W
431234N,GIPUZKOA,119,1050J,ELGOIBAR,08036,022448W
431902N,GIPUZKOA,150,1052A,MUTRIKU,,022350W
432237N,BIZKAIA,12,1055B,LEKEITIO,08024,023037W
432033N,BIZKAIA,45,1056K,FORUA,,024016W
432714N,BIZKAIA,93,1057B,MATXITXAKO,,024510W
432230N,BIZKAIA,90,1059X,PUNTA GALEA,08059,030118W
430301N,ARABA/ALAVA,240,1060X,AMURRIO,,030020W
430544N,BIZKAIA,270,1064L,"OROZKO, IBARRA",,025137W
430557N,BIZKAIA,747,1069Y,"ABADIÑO, URKIOLA",,023839W
431210N,BIZKAIA,100,1074C,AMOREBIETA-ETXANO,,024222W
431050N,BIZKAIA,210,1078C,BALMASEDA,,031235W
431212N,BIZKAIA,208,1078I,GÜEÑES,08035,030617W
431753N,BIZKAIA,42,1082,BILBAO AEROPUERTO,08025,025423W
431647N,BIZKAIA,177,1083B,SOPUERTA,,031007W
432341N,CANTABRIA,45,1083L,CASTRO URDIALES,08020,031402W
431521N,CANTABRIA,80,1089U,RAMALES DE LA VICTORIA,,032815W
432348N,CANTABRIA,1,1096X,"BARCENA DE CICERO, TRETO",,032811W
431339N,CANTABRIA,849,1103X,SAN ROQUE DE RIOMIERA,,034316W
432526N,CANTABRIA,3,1109,SANTANDER AEROPUERTO,08021,034932W
432543N,CANTABRIA,3,1109X,SANTANDER AEROPUERTO,08021,034953W
432754N,CANTABRIA,64,1110,"SANTANDER, CIUDAD",,034908W
432928N,CANTABRIA,52,1111,SANTANDER,08023,034802W
432928N,CANTABRIA,51,1111X,SANTANDER,08023,034802W
431444N,CANTABRIA,196,1124E,VILLACARRIEDO,,035058W
430849N,CANTABRIA,460,1135C,"LOS TOJOS, BÁRCENA MAYOR",,041251W
431619N,CANTABRIA,105,1152C,SAN FELICES DE BUELNA,,040255W
432131N,CANTABRIA,110,1154H,"TORRELAVEGA, SIERRAPANDO",,040139W
432336N,CANTABRIA,38,1159,SAN VICENTE DE LA BARQUERA,08017,042332W
430838N,CANTABRIA,1100,1167B,"CAMALEÑO, FUENTE DE",,044846W
430918N,CANTABRIA,1910,1167G,"MIRADOR DEL CABLE, PARQUE NACIONAL PICOS DE EUROPA",,044811W
430521N,CANTABRIA,1722,1167J,"CORISCAO, PARQUE NACIONAL PICOS DE EUROPA",,044626W
431058N,CANTABRIA,251,1174I,"CILLÓRIGO DE LIÉBANA, TAMA",,043606W
431521N,CANTABRIA,940,1176A,TRESVISO,,044006W
431415N,ASTURIAS,1236,1178R,"SOTRES, PARQUE NACIONAL PICOS DE EUROPA",,044412W
430843N,LEON,953,1178Y,"POSADA DE VALDEÓN, SOTO ",,045554W
431840N,ASTURIAS,458,1179B,CABRALES,,045110W
432513N,ASTURIAS,10,1183X,LLANES,08016,044453W
431600N,ASTURIAS,370,1186P,"AMIEVA, PANIZALES",,050709W
432240N,ASTURIAS,280,1199X,"PILOÑA, BARGAÉU",,052348W
432933N,ASTURIAS,30,1203D,COLUNGA,,051450W
433123N,ASTURIAS,26,1207U,"GIJÓN, CAMPUS",08065,053716W
433220N,ASTURIAS,3,1208,GIJÓN,,053815W
433230N,ASTURIAS,22,1208A,GIJÓN. LA MERCED,,053943W
433336N,ASTURIAS,5,1208H,"GIJÓN, PUERTO",08014,054203W
433921N,ASTURIAS,100,1210X,CABO PEÑAS,08012,055055W
433401N,ASTURIAS,127,1212E,ASTURIAS AEROPUERTO,08011,060239W
425843N,ASTURIAS,1480,1221D,PAJARES-VALGRANDE,08031,054635W
430758N,ASTURIAS,370,1223P,"LENA, RONZÓN",,054922W
430543N,ASTURIAS,750,1226X,"ALLER, FELECHOSA",,052837W
431630N,ASTURIAS,170,1234P,"MIERES, BAIÑA",,054909W
432112N,ASTURIAS,336,1249I,OVIEDO,08015,055227W
432112N,ASTURIAS,334,1249X,OVIEDO,08015,055227W
431725N,ASTURIAS,280,1272B,"TINEO, SOUTU",,062312W
430600N,ASTURIAS,670,1276F,POLA DE SOMIEDO,,061525W
432530N,ASTURIAS,240,1279X,"SALAS, CAMUÑO",,061351W
433409N,ASTURIAS,60,1283U,CABO BUSTO,08010,062812W
424607N,LUGO,1020,1297E,CERVANTES,,070103W
425719N,ASTURIAS,1310,1302F,DEGAÑA,,062821W
430139N,ASTURIAS,780,1309C,"IBIAS, SAN ANTOLIN",,065306W
432756N,ASTURIAS,410,1327A,"VILLAYÓN, ONETA",,064024W
433129N,ASTURIAS,40,1331A,CASTROPOL,08009,070153W
432456N,ASTURIAS,340,1341B,"TARAMUNDI, OURIA",,070340W
433226N,LUGO,43,1342X,RIBADEO,,070459W
432553N,LUGO,125,1344X,MONDOÑEDO,,072142W
433904N,LUGO,80,1347T,BURELA,,072126W
434710N,A CORUÑA,90,1351,ESTACA DE BARES,08004,074106W
432835N,A CORUÑA,4,1354C,FERROL,08005,081533W
432646N,A CORUÑA,343,1363X,AS PONTES,,075141W
432157N,A CORUÑA,57,1387,A CORUÑA,08001,082517W
432148N,A CORUÑA,132,1387D,A CORUÑA BENS,08000,082631W
431825N,A CORUÑA,98,1387E,A CORUÑA AEROPUERTO,08002,082219W
431213N,A CORUÑA,98,1390X,"CARBALLO, DEPURADORA",,084239W
430938N,A CORUÑA,50,1393,CABO VILÁN,08006,091239W
430327N,A CORUÑA,287,1399,VIMIANZO,,090249W
425529N,A CORUÑA,230,1400,FISTERRA,08040,091729W
425607N,A CORUÑA,340,1406X,MAZARICOS,,085937W
430216N,A CORUÑA,500,1410X,SOBRADO,,080120W
425317N,A CORUÑA,370,1428,SANTIAGO DE COMPOSTELA AEROPUERTO,08042,082438W
424801N,A CORUÑA,128,1435C,NOIA,,085234W
424314N,A CORUÑA,685,1437O,MONTE IROITE,08043,085524W
423838N,A CORUÑA,10,1442U,BOIRO,,085332W
424835N,LUGO,680,1446X,MONTERROSO,,074606W
424240N,PONTEVEDRA,645,1455I,RODEIRO-VILAMAIOR,,075714W
423956N,PONTEVEDRA,463,1465U,LALIN-CRISTIMIL,,081133W
424203N,PONTEVEDRA,435,1466A,SILLEDA,,081528W
424137N,PONTEVEDRA,269,1468X,A ESTRADA,,083007W
424418N,A CORUÑA,100,1473A,PADRÓN,08039,083738W
425234N,A CORUÑA,240,1475X,SANTIAGO DE COMPOSTELA,08041,083321W
424459N,A CORUÑA,210,1476R,"ROIS, CASAS DO PORTO",,084253W
423456N,PONTEVEDRA,36,1477U,VILAGARCIA DE AROUSA,,084611W
423505N,PONTEVEDRA,32,1477V,VILAGARCÍA DE AROUSA,,084629W
422550N,PONTEVEDRA,19,1484,"PONTEVEDRA, INSTITUTO",,083850W
422618N,PONTEVEDRA,113,1484C,PONTEVEDRA,08044,083657W
422346N,PONTEVEDRA,3,1486E,ESCUELA NAVAL DE MARÍN,08043,084225W
422425N,PONTEVEDRA,395,1489A,A LAMA,,082704W
421419N,PONTEVEDRA,255,1495,VIGO AEROPUERTO,08045,083726W
421350N,PONTEVEDRA,120,1496X,VIGO ,,084327W
430641N,LUGO,442,1505,LUGO AEROPUERTO,08008,072727W
425954N,LUGO,442,1518A,LUGO,,073309W
425043N,LUGO,403,1521I,O PÁRAMO,,072958W
425150N,LUGO,1080,1521X,BECERREÁ,,071107W
425544N,LEON,958,1541B,VILLABLINO,,062002W
425939N,ASTURIAS,1530,1542,PUERTO DE LEITARIEGOS,08052,062451W
423350N,LEON,532,1549,PONFERRADA,08053,063600W
424558N,LEON,770,1561I,VEGA DE ESPINAREDA  ,,064025W
422456N,OURENSE,315,1583X,O BARCO DE VALDEORRAS,,065935W
422022N,OURENSE,840,1631E,A POBRA DE TRIVES,08051,071657W
421537N,OURENSE,990,1639X,CHANDREXA DE QUEIXA,,072301W
423519N,LUGO,612,1658,FOLGOSO DO COUREL,,071130W
423154N,LUGO,291,1679A,MONFORTE DE LEMOS,,073039W
421931N,OURENSE,146,1690A,OURENSE,08048,075135W
421956N,OURENSE,148,1690B,"OURENSE,INSTITUTO",,075152W
422805N,OURENSE,610,1696O,BEARIZ,,081641W
422517N,OURENSE,400,1700X,O CARBALLIÑO,08047,080533W
421800N,OURENSE,112,1701X,RIBADAVIA,,080745W
421058N,OURENSE,492,1706A,ALLARIZ,,074746W
421305N,PONTEVEDRA,560,1719,A CAÑIZA,,081652W
421056N,PONTEVEDRA,90,1723X,"PONTEAREAS, CANEDO   ",,082934W
415638N,PONTEVEDRA,55,1730E,O ROSAL,,085051W
420445N,OURENSE,616,1735X,XINZO DE LIMIA,08050,074401W
415603N,OURENSE,730,1738U,MUIÑOS,,075920W
432238N,CANTABRIA,150,1740,"SANTILLANA DEL MAR, ALTAMIRA",,040728W
415804N,SORIA,1197,2005Y,"VINUESA, QUINTANAREJO",,024658W
415945N,SORIA,1260,2017Y,"LA PÓVEDA DE SORIA, BARRIOMARTÍN",,022939W
414630N,SORIA,1081,2030,SORIA,08148,022859W
413602N,SORIA,1100,2044B,LUBIA,,023027W
412510N,SORIA,978,2048A,MORÓN DE ALMAZÁN,,022513W
412059N,SORIA,1042,2059B,LA RIBA DE ESCALOTE,,024700W
414319N,SORIA,960,2084Y,UCERO,,030249W
413522N,SORIA,932,2092,BURGO DE OSMA,,030513W
412225N,SORIA,1150,2096B,LICERAS,,031505W
414445N,BURGOS,955,2106B,CORUÑA DEL CONDE,,032255W
413957N,BURGOS,790,2117D,ARANDA DE DUERO,08144,034434W
412222N,SEGOVIA,993,2135A,FRESNO DE CANTESPINO,,033026W
412752N,SEGOVIA,1135,2140A,ALDEANUEVA DE SERREZUELA,,034709W
411131N,SEGOVIA,1798,2150H,"LA PINILLA, ESTACIÓN DE ESQUÍ",08143,032831W
413535N,VALLADOLID,756,2166Y,PEÑAFIEL,,040729W
413643N,VALLADOLID,725,2172Y,SARDÓN DE DUERO,,042420W
410802N,SEGOVIA,1107,2182C,PEDRAZA,,034725W
412301N,SEGOVIA,795,2192C,CUÉLLAR,,041556W
425214N,PALENCIA,1140,2235U,CERVERA DE PISUERGA,08058,043112W
424750N,PALENCIA,910,2243A,AGUILAR DE CAMPOO,,041637W
423408N,PALENCIA,908,2276B,VILLAELES DE VALDAVIA,,043430W
423126N,BURGOS,869,2285B,VILLADIEGO,,040004W
421504N,BURGOS,771,2290Y,PEDROSA DEL PRÍNCIPE,,041156W
414632N,SORIA,1039,2296A,ÓLVEGA,,015836W
415735N,BURGOS,1080,2298,PALACIOS DE LA SIERRA,08149,030754W
420847N,BURGOS,1197,2302N,MONTERRUBIO DE LA DEMANDA,,030639W
420619N,BURGOS,882,2311Y,VILLAMAYOR DE LOS MONTES,,034604W
422125N,BURGOS,891,2331,BURGOS AEROPUERTO,08075,033717W
425338N,PALENCIA,1575,2362C,"VELILLA DEL RÍO CARRIÓN, CAMPORREDONDO DE ALBA",,044249W
422103N,PALENCIA,830,2374X,CARRIÓN DE LOS CONDES,08068,043702W
415944N,PALENCIA,874,2400E,AUTILLA DEL PINO,08072,043610W
420018N,PALENCIA,750,2401,"PALENCIA, OBSERVATORIO",,043145W
420034N,PALENCIA,736,2401X,PALENCIA,,043338W
413827N,VALLADOLID,734,2422,VALLADOLID,08141,044516W
403236N,AVILA,1178,2430Y,MUÑOTELLO,,050239W
403933N,AVILA,1130,2444,ÁVILA,08210,044047W
403924N,AVILA,1143,2444C,"ÁVILA, AYUNTAMIENTO",,044201W
404944N,AVILA,920,2453E,GOTARRENDURA,,044431W
410417N,AVILA,820,2456B,AREVALO,,044348W
404735N,MADRID,1893,2462,PUERTO DE NAVACERRADA,08215,040038W
405643N,SEGOVIA,1008,2465,SEGOVIA,08213,040735W
405648N,SEGOVIA,990,2465A,"SEGOVIA, INSTITUTO",,040657W
404307N,SEGOVIA,1237,2471Y,SAN RAFAEL,,041243W
410735N,SEGOVIA,870,2482B,MIGUELAÑEZ,,042233W
402118N,SALAMANCA,1960,2491C,"LA COVATILLA, ESTACIÓN DE ESQUÍ",08205,054124W
411648N,VALLADOLID,786,2503B,"OLMEDO, DEPÓSITO DE AGUA",,044131W
411933N,VALLADOLID,740,2503X,OLMEDO,08142,044113W
412510N,VALLADOLID,724,2507Y,RUEDA,,045749W
405256N,AVILA,925,2512Y,RIVILLA DE BARAJAS,,050107W
411022N,VALLADOLID,755,2517A,FUENTE EL SOL,,045623W
413255N,ZAMORA,710,2536D,MORALES DEL TORO,,051618W
414243N,VALLADOLID,846,2539,VALLADOLID AEROPUERTO,08140,045120W
411412N,ZAMORA,811,2555B,FUENTESAUCO,,052853W
413319N,ZAMORA,701,2565,CORESES,,053750W
423125N,PALENCIA,985,2568D,"SANTERVÁS DE LA VEGA, VILLAPÚN ",,045104W
420539N,VALLADOLID,782,2593D,VILLALÓN DE CAMPOS,,050228W
415233N,VALLADOLID,731,2604B,MEDINA DE RIOSECO,,050225W
415123N,ZAMORA,690,2611D,VILLAFÁFILA,,053533W
413056N,ZAMORA,656,2614,ZAMORA,08130,054407W
425730N,LEON,1090,2624C,RIAÑO,,050027W
423712N,LEON,916,2626Y,CUBILLAS DE RUEDA,,051136W
430344N,LEON,1510,2630X,PUERTO DE SAN ISIDRO,08057,052237W
423518N,LEON,912,2661,"LEÓN, VIRGEN DEL CAMINO",08055,053904W
423558N,LEON,912,2661B,LEÓN AEROPUERTO,08055,053837W
421745N,LEON,788,2664B,VALENCIA DE DON JUAN,,053017W
425308N,LEON,1120,2701D,"BARRIOS DE LUNA, MIÑERA",,055215W
423854N,LEON,995,2728B,"QUINTANA DEL CASTILLO, VILLAMECA",,060415W
422836N,LEON,919,2734D,ASTORGA,,060428W
422239N,LEON,1020,2737E,LAGUNAS DE SOMOZA,08123,061148W
422759N,LEON,850,2742R,BUSTILLO DEL PÁRAMO,,054647W
420039N,ZAMORA,715,2755X,BENAVENTE,08056,054000W
420456N,ZAMORA,935,2766E,"SANABRIA, ROBLEDA-CERVANTES",,063824W
415629N,ZAMORA,850,2775X,VILLARDECIERVOS,08125,061647W
420441N,ZAMORA,737,2777K,SANTIBAÑEZ DE VIDRIALES,,060026W
414708N,ZAMORA,711,2789H,POZUELO DE TABARA,,055432W
413202N,ZAMORA,790,2804F,VILLADEPERA,,060831W
402102N,AVILA,1525,2811A,NAVARREDONDA DE GREDOS,08206,050835W
402119N,AVILA,1012,2828Y,BARCO DE AVILA,,053109W
404032N,SALAMANCA,865,2847X,PEDROSILLO DE LOS AIRES   ,,053836W
404356N,SALAMANCA,897,2863C,PEDRAZA DE ALBA  ,,052158W
405734N,SALAMANCA,790,2867,SALAMANCA AEROPUERTO,08202,052954W
405727N,SALAMANCA,775,2870,SALAMANCA,08201,053944W
405413N,SALAMANCA,817,2873X,BARBADILLO,,054647W
411420N,ZAMORA,1003,2882D,PEÑAUSENDE,08135,055351W
411816N,ZAMORA,804,2885K,FRESNO DE SAYAGO,,060120W
411547N,SALAMANCA,690,2891A,VILLARINO DE LOS AIRES,,062745W
404710N,SALAMANCA,785,2914C,BOADILLA FUENTE SAN ESTEBAN,,061210W
410041N,SALAMANCA,769,2916A,VITIGUDINO,08129,062616W
403410N,SALAMANCA,1027,2918Y,EL MAÍLLO,,061325W
405105N,SALAMANCA,748,2926B,BAÑOBÁREZ,,063632W
401748N,SALAMANCA,880,2930Y,NAVASFRÍAS,,064846W
402906N,SALAMANCA,805,2945A,EL BODÓN BASE AÉREA,,063437W
403806N,SALAMANCA,680,2946X,SAELICES EL CHICO,08195,063600W
414100N,ZAMORA,840,2966D,ALCAÑICES  ,,061805W
420138N,OURENSE,910,2969U,A GUDIÑA,,071059W
415536N,OURENSE,380,2978X,VERÍN,,072519W
405030N,GUADALAJARA,1062,3013,MOLINA DE ARAGÓN,08232,015244W
404546N,GUADALAJARA,1230,3021Y,ZAOREJAS,,021202W
403418N,CUENCA,1214,3040Y,BETETA,,020435W
403149N,CUENCA,928,3044X,CAÑIZARES,08230,020900W
402428N,GUADALAJARA,920,3085Y,PASTRANA,,025711W
400041N,CUENCA,808,3094B,TARANCÓN,08277,030117W
395606N,TOLEDO,733,3099Y,OCAÑA,,032946W
400402N,MADRID,540,3100B,ARANJUEZ,08229,033246W
410013N,GUADALAJARA,910,3103,PANTANO EL VADO,,031807W
405323N,MADRID,1159,3104Y,RASCAFRÍA,,035318W
410025N,MADRID,1030,3110C,BUITRAGO DEL LOZOYA,08146,033649W
410808N,MADRID,1450,3111D,SOMOSIERRA,08145,033449W
403300N,MADRID,672,3125Y,SAN SEBASTIÁN DE LOS REYES,,033700W
403341N,MADRID,740,3126Y,"MADRID, EL GOLOSO",,034243W
402800N,MADRID,609,3129,MADRID AEROPUERTO,08221,033320W
410511N,GUADALAJARA,1005,3130C,SIGÜENZA,08150,023705W
405906N,GUADALAJARA,990,3140Y,MANDAYONA,,024536W
403805N,GUADALAJARA,685,3168A,"GUADALAJARA, INSTITUTO",,031000W
403933N,GUADALAJARA,639,3168C,"GUADALAJARA, EL SERRANILLO",08226,031024W
403749N,GUADALAJARA,727,3168D,GUADALAJARA,08226,030900W
403142N,MADRID,605,3170Y,ALCALA DE HENARES,,031723W
402919N,MADRID,607,3175,TORREJÓN DE ARDOZ,08227,032637W
401842N,MADRID,533,3182Y,ARGANDA DEL REY,,032952W
404146N,MADRID,1004,3191E,COLMENAR VIEJO,08219,034554W
402706N,MADRID,664,3194U,"MADRID, CIUDAD UNIVERSITARIA",08220,034327W
402654N,MADRID,665,3194Y,POZUELO DE ALARCÓN,,034848W
402443N,MADRID,667,3195,"MADRID, RETIRO",08222,034041W
402232N,MADRID,690,3196,"MADRID, CUATRO VIENTOS",08223,034710W
401758N,MADRID,620,3200,GETAFE,08224,034320W
404555N,GUADALAJARA,955,3209Y,BRIHUEGA,,025227W
401450N,MADRID,594,3229Y,TIELMES,,031842W
394146N,TOLEDO,635,3245Y,TEMBLEQUE,,033021W
394113N,TOLEDO,717,3254Y,MORA ,,034650W
395134N,TOLEDO,540,3259,"TOLEDO, LORENZANA",,040132W
395305N,TOLEDO,513,3260B,TOLEDO,08272,040243W
404223N,MADRID,1532,3266A,PUERTO ALTO DEL LEÓN,08217,040831W
403935N,MADRID,924,3268C,ALPEDRETE,,040103W
393249N,TOLEDO,917,3298X,SAN PABLO DE LOS MONTES,08270,042102W
393750N,TOLEDO,750,3305Y,NAVAHERMOSA,,042837W
402023N,AVILA,1285,3319D,PUERTO DEL PICO,,050046W
401847N,MADRID,890,3330Y,ROZAS DE PUERTO REAL,,042914W
402803N,AVILA,850,3337U,CEBREROS,,042721W
402540N,MADRID,763,3338,ROBLEDO DE CHAVELA,08212,041500W
402948N,MADRID,884,3343Y,VALDEMORILLO,,040340W
400629N,TOLEDO,560,3362Y,CASTILLO DE BAYUELA,,044050W
395731N,TOLEDO,372,3365A,TALAVERA DE LA REINA,08274,045149W
393530N,CACERES,923,3386A,NAVALVILLAR DE IBOR,,052303W
401719N,AVILA,630,3391,SOTILLO DE LA ADRADA,08208,043527W
400821N,AVILA,350,3422D,CANDELEDA,,051841W
400914N,CACERES,464,3423I,MADRIGAL DE LA VERA,,052224W
395936N,TOLEDO,345,3427Y,OROPESA,,050652W
395645N,CACERES,269,3434X,NAVALMORAL DE LA MATA,08254,053457W
400640N,CACERES,690,3436D,GARGANTA LA OLLA,,054705W
394915N,CACERES,406,3448X,SERRADILLA,,060739W
394012N,CACERES,559,3455X,JARAICEJO,,054830W
392857N,CACERES,503,3463X,TRUJILLO,08263,055115W
392751N,CACERES,523,3463Y,TRUJILLO,08263,055227W
392833N,CACERES,459,3469,"CÁCERES, CIUDAD",,062235W
392817N,CACERES,394,3469A,CÁCERES,08261,062020W
394726N,CACERES,373,3475X,CAÑAVERAL,,062235W
402429N,CACERES,470,3494U,NUÑOMORAL,,061423W
401122N,CACERES,400,3503,GUIJO DE GRANADILLA,,061003W
401554N,CACERES,724,3504X,HERVÁS,,055140W
400451N,CACERES,351,3512X,MONTEHERMOSO,,062020W
401531N,CACERES,991,3514B,TORNAVACAS,,054042W
400715N,CACERES,1260,3516X,PIORNAL,,054957W
400235N,CACERES,415,3519X,PLASENCIA,08252,060509W
400013N,CACERES,313,3526X,CORIA,08251,063327W
401518N,CACERES,459,3531X,TORRECILLA DE LOS ANGELES,,062442W
401029N,CACERES,560,3536X,HOYOS,,064328W
395217N,CACERES,336,3540X,ZARZA LA MAYOR,,065136W
401226N,CACERES,450,3547X,VALVERDE DEL FRESNO,,065346W
392539N,CACERES,321,3562X,ALISEDA,,064411W
393705N,CACERES,425,3565X,BROZAS,,064442W
392453N,CACERES,444,3576X,VALENCIA DE ALCÁNTARA,08260,071352W
385757N,ALBACETE,905,4007Y,OSSA DE MONTIEL,,024442W
400340N,CUENCA,875,4051Y,ALCÁZAR DEL REY,,024825W
393550N,TOLEDO,692,4061X,QUINTANAR DE LA ORDEN,08275,030254W
392327N,CIUDAD REAL,640,4064Y,ALCAZAR DE SAN JUAN,,031257W
392931N,TOLEDO,690,4067,MADRIDEJOS,08273,033142W
400108N,CUENCA,1020,4070Y,ABIA DE OBISPALIA,,022343W
395025N,CUENCA,870,4075Y,VILLARES DEL SAZ,,023012W
393101N,CUENCA,805,4089A,ALBERCA DE ZANCARA,,022945W
392500N,CUENCA,728,4090Y,SAN CLEMENTE,08256,022514W
391543N,ALBACETE,718,4091Y,VILLARROBLEDO,,023533W
393922N,CUENCA,763,4093Y,OSA DE LA VEGA ,,024536W
393319N,CUENCA,745,4095Y,BELMONTE,,024220W
390100N,ALBACETE,918,4096Y,MUNERA,,022920W
391009N,CIUDAD REAL,662,4103X,TOMELLOSO,08276,030027W
385703N,CIUDAD REAL,626,4116I,ALMAGRO / FAMET,08349,034431W
385921N,CIUDAD REAL,626,4121,CIUDAD REAL,08348,035513W
385916N,CIUDAD REAL,627,4121C,"CIUDAD REAL, INSTITUTO",,035545W
384415N,CIUDAD REAL,900,4138Y,VILLANUEVA DE LOS INFANTES,,030016W
384502N,CIUDAD REAL,700,4147X,VALDEPEÑAS,08351,032329W
383105N,CIUDAD REAL,804,4148,VISO DEL MARQUÉS,08345,033400W
391301N,CIUDAD REAL,587,4193Y,EL ROBLEDO,,041658W
391915N,CIUDAD REAL,651,4195E,"ALCORNOQUERA, PARQUE NACIONAL CABAÑEROS",,042342W
385353N,CIUDAD REAL,718,4210Y,ABENÓJAR,,041731W
390501N,CIUDAD REAL,531,4220X,PUEBLA DE DON RODRIGO,08271,043719W
392702N,CACERES,689,4236Y,PUERTO REY ,,050135W
391010N,BADAJOZ,447,4244X,HERRERA DEL DUQUE,08264,050344W
392719N,CACERES,660,4245X,GUADALUPE,,052000W
382847N,BADAJOZ,542,4260,PERALEDA DEL ZAUCEJO,,053439W
382434N,CORDOBA,575,4263X,VALSEQUILLO,,052102W
382955N,CORDOBA,551,4267X,HINOJOSA DEL DUQUE,08335,050716W
384631N,CIUDAD REAL,535,4300Y,ALMADÉN,,045043W
384431N,BADAJOZ,459,4325Y,CASTUERA,,053145W
391851N,CACERES,590,4339X,CAÑAMERO,,052208W
390612N,BADAJOZ,313,4340,NAVALVILLAR DE PELA,,052741W
391658N,CACERES,413,4347X,ZORITA,,054237W
385720N,BADAJOZ,273,4358X,DON BENITO,08333,055250W
383435N,BADAJOZ,474,4362X,RETAMAL DE LLERENA,,055045W
381354N,BADAJOZ,655,4386B,LLERENA,08336,060101W
383306N,BADAJOZ,430,4395X,VILLAFRANCA DE LOS BARROS,,061824W
385457N,BADAJOZ,228,4410X,MÉRIDA,08331,062308W
391152N,CACERES,467,4411C,ALCUESCAR,,061352W
382533N,BADAJOZ,433,4427X,ZAFRA,,062612W
384120N,BADAJOZ,371,4436Y,ALMENDRALEJO,,062140W
385300N,BADAJOZ,185,4452,BADAJOZ AEROPUERTO,08330,064850W
391055N,BADAJOZ,283,4464X,ALBURQUERQUE,,065943W
391036N,BADAJOZ,392,4468X,PUEBLA DE OBANDO,,063603W
385310N,BADAJOZ,174,4478X,BADAJOZ,,070034W
384151N,BADAJOZ,275,4486X,OLIVENZA,,070504W
382905N,BADAJOZ,170,4489X,ALCONCHEL,,071655W
382822N,BADAJOZ,377,4492F,BARCARROTA,,065524W
382220N,BADAJOZ,247,4497X,VILLANUEVA DEL FRESNO,,070929W
380453N,BADAJOZ,771,4499X,MONESTERIO,,061619W
381232N,BADAJOZ,602,4501X,FUENTE DE CANTOS,,061841W
381755N,BADAJOZ,381,4511C,JEREZ DE LOS CABALLEROS,08337,064554W
381042N,BADAJOZ,586,4520X,FREGENAL DE LA SIERRA,,063942W
375849N,HUELVA,267,4527X,AROCHE,,065833W
373313N,HUELVA,60,4541X,EL GRANADO,,073112W
371141N,HUELVA,3,4549Y,AYAMONTE,08381,072342W
371306N,HUELVA,15,4554X,CARTAYA,,070501W
375207N,HUELVA,572,4560Y,ALAJAR,08380,064030W
373431N,HUELVA,280,4575X,VALVERDE DEL CAMINO,,064604W
374354N,HUELVA,270,4584X,EL CERRO DE ANDÉVALO,,065632W
373552N,HUELVA,276,4589X,"ALOSNO, THARSIS",,070710W
371524N,HUELVA,17,4605,HUELVA,,065659W
374038N,HUELVA,415,4608X,EL CAMPILLO,,063748W
372703N,HUELVA,145,4622X,VILLARRASA,,063812W
371642N,HUELVA,18,4642E,"HUELVA, RONDA ESTE",08383,065442W
355344N,CEUTA,200,5000A,"CEUTA, MONTE HACHO",,051732W
355319N,CEUTA,87,5000C,CEUTA,60320,052049W
375457N,JAEN,782,5038X,CAZORLA,08353,030014W
375457N,JAEN,799,5038Y,CAZORLA,,030014W
373021N,GRANADA,785,5047E,BAZA,08424,024406W
375140N,GRANADA,1092,5051X,HUÉSCAR,08423,023910W
375139N,ALMERIA,1190,5060X,VÉLEZ BLANCO - TOPARES,,021341W
370930N,GRANADA,2152,5103E,"CAMARATE 2, PARQUE NACIONAL SIERRA NEVADA",,031525W
371128N,GRANADA,1534,5103F,"CAMARATE, PARQUE NACIONAL SIERRA NEVADA",,031514W
371048N,GRANADA,1197,5107D,DÓLAR,,025911W
375948N,JAEN,771,5164B,BAEZA,,032743W
374651N,JAEN,910,5165X,TORRES,,033349W
381853N,JAEN,580,5181D,ARROYO DEL OJANCO,08352,025323W
382921N,JAEN,862,5192,VILLARRODRIGO,08354,023815W
381030N,JAEN,680,5210X,VILLANUEVA DEL ARZOBISPO,,025953W
382040N,JAEN,770,5246,SANTA ELENA,08350,033207W
374635N,JAEN,510,5270,"JAÉN, INSTITUTO",,034720W
374639N,JAEN,580,5270B,JAÉN,08417,034833W
380904N,JAEN,515,5279X,LINARES,,033746W
380535N,JAEN,345,5281X,BAILÉN,,034657W
380123N,JAEN,202,5298X,ANDÚJAR,08347,040348W
384008N,CIUDAD REAL,665,5304Y,PUERTOLLANO,,040333W
382544N,CIUDAD REAL,710,5341C,FUENCALIENTE,,041806W
381112N,CORDOBA,720,5346X,CARDEÑA,,041621W
380048N,CORDOBA,155,5361X,MONTORO,,041949W
381959N,CORDOBA,750,5390Y,VILLANUEVA DE CÓRDOBA,08346,043632W
380115N,CORDOBA,525,5394X,"CÓRDOBA, EMBALSE DE GUADANUÑO",,044748W
375056N,CORDOBA,90,5402,CÓRDOBA AEROPUERTO,08410,045048W
372951N,JAEN,908,5406X,ALCALÁ LA REAL,,035429W
372905N,CORDOBA,550,5412X,PRIEGO DE CÓRDOBA,,041228W
373322N,CORDOBA,650,5427X,DOÑA MENCÍA,08412,042114W
374837N,CORDOBA,275,5429X,"CÓRDOBA, PRÁGDENA",,042744W
380640N,CORDOBA,465,5459X,ESPIEL,,045543W
374511N,CORDOBA,120,5470,FUENTE PALMERA,,050602W
381604N,BADAJOZ,581,5473X,AZUAGA,,054110W
370352N,GRANADA,3092,5511,"PRADOLLANO, PARQUE NACIONAL SIERRA NEVADA",,032217W
370814N,GRANADA,687,5514,GRANADA BASE AÉREA,08420,033753W
370810N,GRANADA,695,5514Z,GRANADA BASE AÉREA,08420,033800W
371413N,GRANADA,1258,5515D,VÍZNAR,08421,033202W
371123N,GRANADA,775,5515X,GRANADA-CARTUJA,,033544W
370347N,GRANADA,2856,5516D,SIERRA NEVADA 'RADIOTELESCOPIO',08980,032313W
371125N,GRANADA,567,5530E,GRANADA AEROPUERTO,08419,034723W
370940N,GRANADA,760,5582A,LOJA,08414,040910W
371351N,CORDOBA,465,5598X,BENAMEJÍ,,043252W
371140N,SEVILLA,410,5612B,LA RODA DE ANDALUCÍA,08399,044612W
371613N,SEVILLA,450,5612X,LORA DE ESTEPA,,044937W
372855N,CORDOBA,309,5624X,AGUILAR DE LA FRONTERA,,044109W
373819N,CORDOBA,200,5625X,LA RAMBLA,,044550W
373058N,SEVILLA,130,5641X,ÉCIJA,08395,050506W
374712N,SEVILLA,200,5654X,LA PUEBLA DE LOS INFANTES,,052216W
372950N,SEVILLA,165,5656,FUENTES DE ANDALUCÍA,,052559W
373356N,SEVILLA,50,5702X,CARMONA,,054426W
375535N,SEVILLA,550,5704B,CAZALLA DE LA SIERRA,08392,054611W
380558N,SEVILLA,720,5726X,GUADALCANAL,,054909W
374728N,SEVILLA,450,5733X,ALMADÉN DE LA PLATA,,060430W
375825N,HUELVA,618,5769X,CALA,,061920W
372500N,SEVILLA,34,5783,SEVILLA AEROPUERTO,08391,055245W
372142N,SEVILLA,84,5788X,"TOMARES, ZAUDÍN",,060335W
372151N,SEVILLA,9,5790Y,"SEVILLA, TABLADA",,060021W
370952N,SEVILLA,87,5796,MORÓN DE LA FRONTERA,08397,053641W
372136N,SEVILLA,76,5835X,CARRIÓN DE LOS CÉSPEDES,,062003W
365919N,HUELVA,5,5858X,ALMONTE,,062635W
370553N,HUELVA,41,5860E,"MOGUER, EL ARENOSILLO",08384,064417W
365712N,SEVILLA,105,5891X,LAS CABEZAS DE SAN JUAN,,055048W
364500N,CADIZ,10,5906X,CHIPIONA,,062402W
363820N,CADIZ,21,5910,"ROTA, BASE NAVAL",08449,061957W
364538N,CADIZ,913,5911A,GRAZALEMA,08455,052227W
365554N,CADIZ,530,5919X,OLVERA,,051534W
364346N,CADIZ,295,5941X,EL BOSQUE,,053044W
363950N,CADIZ,105,5950X,SAN JOSÉ DEL VALLE,,054700W
364502N,CADIZ,27,5960,JEREZ DE LA FRONTERA AEROPUERTO,08451,060321W
362756N,CADIZ,28,5972X,SAN FERNANDO,08453,061220W
362959N,CADIZ,2,5973,CÁDIZ,08452,061528W
362423N,CADIZ,70,5983X,MEDINA SIDONIA,,055513W
361444N,CADIZ,186,5995B,VEJER DE LA FRONTERA,08457,055754W
361106N,CADIZ,4,5996B,BARBATE,,055435W
371436N,SEVILLA,255,5998X,OSUNA,,050645W
351635N,MELILLA,52,6000A,MELILLA,60338,025723W
360050N,CADIZ,32,6001,TARIFA,08458,053556W
364459N,MALAGA,766,6032B,RONDA,08443,051006W
364500N,MALAGA,753,6032X,RONDA INSTITUTO,,051007W
363240N,MALAGA,315,6040X,CORTES DE LA FRONTERA,,052311W
362608N,CADIZ,42,6042I,JIMENA DE LA FRONTERA,,052342W
363757N,MALAGA,676,6045X,ALPANDEIRE,,051211W
363107N,MALAGA,594,6050X,GAUCÍN,,051907W
361623N,CADIZ,1,6056X,SAN ROQUE  ,,051704W
362242N,MALAGA,140,6057X,MANILVA,,051536W
362501N,MALAGA,19,6058I,ESTEPONA,08463,050918W
363237N,MALAGA,392,6069X,BENAHAVÍS,,050129W
362904N,MALAGA,2,6076X,"MARBELLA, PUERTO",,045711W
362901N,MALAGA,2,6083X,MARBELLA,,044425W
363219N,MALAGA,8,6084X,FUENGIROLA,08480,043706W
363714N,MALAGA,85,6088X,TORREMOLINOS,,043054W
370126N,MALAGA,515,6100B,ANTEQUERA AYUNTAMIENTO (AUTOMÁTICA THIES),,043345W
370146N,MALAGA,408,6106X,ANTEQUERA,08413,044454W
365117N,MALAGA,172,6127X,ÁLORA,,044148W
363928N,MALAGA,230,6143X,COÍN,,044539W
363958N,MALAGA,6,6155A,MÁLAGA AEROPUERTO,08482,042856W
364304N,MALAGA,54,6156X,"MÁLAGA, CENTRO METEOROLÓGICO",08481,042854W
364300N,MALAGA,25,6172O,"MÁLAGA, PUERTO",08479,042511W
364300N,MALAGA,25,6172X,MÁLAGA,,042511W
364254N,MALAGA,7,6175X,RINCÓN DE LA VICTORIA,,041710W
364607N,MALAGA,41,6199X,VÉLEZ-MÁLAGA,,040537W
364521N,MALAGA,40,6201X,ALGARROBO,,040238W
364335N,MALAGA,3,6205X,TORROX,08484,035726W
364546N,MALAGA,169,6213X,NERJA,,035043W
365708N,GRANADA,1732,6248D,"CAÑAR, PARQUE NACIONAL SIERRA NEVADA",,032549W
365523N,GRANADA,715,6258X,LANJARÓN,,032933W
364454N,GRANADA,20,6267X,SALOBREÑA,,033443W
364322N,GRANADA,12,6268X,MOTRIL,08485,033149W
364326N,GRANADA,1,6268Y,"MOTRIL, PUERTO",,033145W
364403N,GRANADA,235,6272X,CASTELL DE FERRO,,032248W
364450N,ALMERIA,8,6277B,ADRA,08486,030114W
370019N,GRANADA,1020,6281X,VÁLOR,,030417W
364629N,ALMERIA,98,6291B,EL EJIDO,,024847W
364113N,ALMERIA,3,6293X,ROQUETAS DE MAR,08492,024206W
364952N,ALMERIA,7,6297,ALMERÍA,,022720W
370545N,GRANADA,2300,6299I,"LAGUNA SECA, PARQUE NACIONAL SIERRA NEVADA",,025752W
370829N,ALMERIA,869,6302A,ABLA,08427,024648W
370311N,ALMERIA,1713,6307C,"LAÚJAR, PARQUE NACIONAL SIERRA NEVADA",,025350W
370159N,ALMERIA,1518,6307X,LÁUJAR DE ANDARAX,,025445W
370115N,ALMERIA,601,6312E,"RÁGOL, PARQUE NACIONAL SIERRA NEVADA",,024038W
365047N,ALMERIA,21,6325O,ALMERÍA AEROPUERTO,08487,022125W
364319N,ALMERIA,52,6329X,CABO DE GATA,,021135W
365849N,ALMERIA,16,6332X,CARBONERAS,08488,015413W
365632N,ALMERIA,222,6332Y,CARBONERAS,08488,015425W
370636N,ALMERIA,970,6335O,"NACIMIENTO, PARQUE NACIONAL SIERRA NEVADA",,024157W
371044N,ALMERIA,6,6340X,"GARRUCHA, PUERTO",,014900W
372424N,ALMERIA,508,6364X,ALBOX,,020905W
372326N,ALMERIA,300,6367B,HUÉRCAL-OVERA,08428,015637W
370757N,MALAGA,420,6375X,FUENTE DE PIEDRA,,044431W
355618N,ALMERIA,15,6381,ALBORÁN,08490,030210W
372502N,MURCIA,26,7002Y,ÁGUILAS,08432,013513W
373517N,MURCIA,66,7007Y,MAZARRÓN/LAS TORRES,,011350W
373604N,MURCIA,17,7012C,CARTAGENA,08434,005916W
373616N,MURCIA,56,7012D,CARTAGENA,08434,010124W
373809N,MURCIA,2,7019X,CARTAGENA/SALINAS CABO PALOS,,004256W
374827N,MURCIA,205,7020C,MURCIA AEROPUERTO,,010741W
374335N,MURCIA,140,7023X,FUENTE ÁLAMO DE MURCIA,,011002W
374420N,MURCIA,50,7026X,TORRE-PACHECO,,005803W
374720N,MURCIA,4,7031,SAN JAVIER AEROPUERTO,08433,004812W
374642N,MURCIA,4,7031X,SAN JAVIER AEROPUERTO,08433,004821W
382331N,ALBACETE,680,7066Y,"YESTE, EMBALSE FUENSANTA",,021312W
380518N,ALBACETE,1485,7067Y,NERPIO,,022447W
381742N,ALBACETE,960,7072Y,YESTE,,021738W
381606N,MURCIA,955,7080X,MORATALLA,,015911W
383231N,ALBACETE,605,7096B,HELLÍN,08355,014211W
383517N,ALBACETE,615,7103Y,TOBARRA,,014122W
380609N,MURCIA,643,7119B,CARAVACA DE LA CRUZ,08365,015238W
381403N,MURCIA,350,7121A,CALASPARRA,,014208W
380257N,MURCIA,640,7127X,BULLAS,,014143W
382732N,MURCIA,485,7138B,JUMILLA,,012007W
381358N,MURCIA,265,7145D,CIEZA,08363,012250W
380741N,MURCIA,150,7158X,ARCHENA,,011821W
380229N,MURCIA,255,7172X,MULA,,012657W
380007N,MURCIA,62,7178I,MURCIA,08430,011015W
375534N,MURCIA,985,7195X,"CARAVACA DE LA CRUZ, LOS ROYOS",,020330W
375041N,MURCIA,646,7203A,"LORCA, ZARCILLA DE RAMOS",,015211W
373917N,MURCIA,312,7209,LORCA,08426,014114W
373405N,MURCIA,445,7211B,PUERTO LUMBRERAS,,014750W
374531N,MURCIA,281,7218Y,TOTANA,,013046W
375142N,MURCIA,157,7227X,ALHAMA DE MURCIA,,012005W
375728N,MURCIA,75,7228,"ALCANTARILLA, BASE AÉREA",08429,011343W
380820N,MURCIA,170,7237E,MOLINA DE SEGURA,,010931W
380404N,ALICANTE,26,7244X,ORIHUELA,,005853W
382359N,ALICANTE,575,7247X,EL PINÓS/PINOSO,08357,010217W
381140N,MURCIA,174,7250C,ABANILLA,,010202W
380517N,ALICANTE,31,7261X,ROJALES,,004255W
383606N,MURCIA,640,7275C,YECLA,08356,010935W
384648N,VALENCIA,622,8005X,FONTANARS DELS ALFORINS,,004745W
383437N,ALICANTE,486,8008Y,VILLENA,,005156W
382312N,ALICANTE,230,8013X,NOVELDA,,004528W
381715N,ALICANTE,110,8018X,ELX/ELCHE,,004050W
381658N,ALICANTE,43,8019,ALICANTE-ELCHE AEROPUERTO,08360,003415W
382221N,ALICANTE,81,8025,ALACANT/ALICANTE,08359,002939W
383237N,ALICANTE,36,8036Y,BENIDORM,,000816W
384701N,ALICANTE,15,8050X,JÁVEA/ XÀBIA,08370,001004E
385048N,ALICANTE,60,8057C,PEGO,,000706W
385544N,VALENCIA,5,8058X,OLIVA,08282,000545W
385701N,VALENCIA,12,8058Y,MIRAMAR,,000816W
384240N,ALICANTE,534,8059C,ALCOI/ALCOY,,002739W
390101N,VALENCIA,340,8072Y,BARX,,001817W
401315N,CUENCA,1154,8084Y,PANTANO DE LA TOBA (AUTOMATICA),,015537W
400402N,CUENCA,949,8096,CUENCA,08231,020755W
393320N,CUENCA,830,8155Y,MOTILLA DEL PALANCAR,,015455W
385715N,ALBACETE,702,8175,ALBACETE BASE AÉREA,08280,015123W
385609N,ALBACETE,880,8177A,CHINCHILLA,08278,013936W
390021N,ALBACETE,674,8178D,ALBACETE,08279,015146W
391230N,VALENCIA,372,8193E,JALANCE,,010540W
385102N,ALBACETE,710,8198Y,ALMANSA,,010347W
390458N,VALENCIA,855,8203O,ZARRA,08283,010603W
400611N,CUENCA,1160,8210Y,SALVACAÑETE,,013013W
394252N,CUENCA,815,8245Y,MIRA,,012633W
390801N,VALENCIA,305,8270X,BICORP,,004724W
384946N,VALENCIA,350,8283X,ONTINYENT,,003628W
390006N,VALENCIA,88,8293X,XÀTIVA,08290,003125W
390648N,VALENCIA,25,8300X,CARCAIXENT,,002645W
393432N,VALENCIA,758,8309X,UTIEL,08281,011441W
391105N,VALENCIA,12,8325X,POLINYÀ DE XÚQUER,08287,002219W
392321N,VALENCIA,196,8337X,TURÍS,,003711W
402511N,TERUEL,1130,8354X,ALBARRACÍN,,012629W
402102N,TERUEL,902,8368U,TERUEL,08235,010727W
401410N,TERUEL,1430,8376,JABALOYAS,,012442W
400338N,VALENCIA,705,8381X,ADEMUZ,,011701W
394512N,VALENCIA,515,8395X,CHELVA,,005935W
393950N,VALENCIA,198,8409X,LLÍRIA,,003914W
392906N,VALENCIA,56,8414A,VALENCIA AEROPUERTO,08284,002829W
392850N,VALENCIA,11,8416,VALÈNCIA,08285,002159W
392847N,VALENCIA,6,8416X,"VALENCIA, UPV",,002013W
392850N,VALENCIA,11,8416Y,"VALÈNCIA, VIVEROS",08285,002159W
394744N,CASTELLON,400,8439X,SEGORBE,,002907W
394203N,VALENCIA,30,8446Y,SAGUNT/SAGUNTO,,001532W
402550N,TERUEL,1380,8458X,CEDRILLAS,,005058W
400516N,CASTELLON,601,8472A,MONTANEJOS,,003249W
402145N,TERUEL,1515,8486X,MOSQUERUELA,,002716W
402600N,CASTELLON,1131,8489X,VILLAFRANCA DEL CID/VILLAFRANCA,08241,001521W
401338N,CASTELLON,420,8492X,ATZENETA DEL MAESTRAT,,001011W
395726N,CASTELLON,43,8500A,CASTELLÓ - ALMASSORA,08286,000419W
395921N,CASTELLON,23,8501,CASTELLÓ DE LA PLANA,,000156W
401241N,CASTELLON,35,8503Y,TORREBLANCA,,001101E
404137N,CASTELLON,1168,8520X,LA POBLA DE BENIFASSÀ-FREDES,,000955E
403315N,CASTELLON,111,8523X,VINARÒS,08239,002547E
425931N,CANTABRIA,870,9001D,REINOSA,08032,040938W
430212N,CANTABRIA,1650,9001S,ALTO CAMPOO,08061,042228W
425705N,BURGOS,915,9012E,SANTA GADEA DE ALFOZ,,035726W
424835N,CANTABRIA,770,9016X,"VALDERREDIBLE, CUBILLO DE EBRO",,040156W
424823N,CANTABRIA,720,9019B,"VALDERREDIBLE, POLIENTES   ",08033,035602W
424449N,BURGOS,1017,9027X,SARGENTES DE LA LORA,,035304W
423334N,BURGOS,730,9031C,BRIVIESCA,,031832W
425512N,BURGOS,580,9051,MEDINA DE POMAR,08063,032858W
425231N,ARABA/ALAVA,910,9060X,LALASTRA,,031354W
424113N,BURGOS,460,9069C,MIRANDA DE EBRO,,025738W
424947N,ARABA/ALAVA,660,9073X,"AGURAIN/SALVATIERRA, OPAKUA",,022135W
425059N,ARABA/ALAVA,521,9087,VITORIA AERÓDROMO,,023922W
425255N,ARABA/ALAVA,513,9091O,FORONDA-TXOKIZA,08080,024406W
425219N,ARABA/ALAVA,513,9091R,VITORIA-GASTEIZ AEROPUERTO,08080,024358W
422516N,BURGOS,820,9111,BELORADO,08077,031013W
421518N,LA RIOJA,1630,9115X,VALDEZCARAY,,025806W
423431N,LA RIOJA,465,9121X,HARO,,025117W
423614N,ARABA/ALAVA,612,9122I,LABASTIDA,,024636W
421351N,LA RIOJA,1006,9136X,"ANGUIANO, VALVANERA",,025216W
422451N,LA RIOJA,500,9141V,NÁJERA,,024336W
423402N,ARABA/ALAVA,575,9145X,LEZA,,023758W
422858N,LA RIOJA,429,9145Y,CENICERO,,023822W
422708N,LA RIOJA,353,9170,"LOGROÑO, AEROPUERTO",08084,021952W
423413N,NAVARRA,470,9171K,LOS ARCOS,,021102W
424014N,ARABA/ALAVA,570,9178X,CAMPEZO/KANPEZU,,022046W
420858N,LA RIOJA,855,9188,ENCISO,,021624W
424735N,HUESCA,2276,9195C,ASTÚN- LA RACA,08909,003019W
424458N,HUESCA,1197,9198X,CANFRANC,,003058W
423444N,HUESCA,823,9201K,JACA,08091,003249W
423447N,HUESCA,832,9201X,JACA,,003242W
424426N,HUESCA,860,9207,"VALLE DE HECHO, HECHO",,004502W
424231N,HUESCA,1025,9208E,ARAGÜÉS DEL PUERTO,08095,004022W
423051N,HUESCA,722,9211F,"BAILO, PUYALTO",,004902W
425145N,NAVARRA,838,9218A,ISABA/IZABA,,005529W
425346N,NAVARRA,635,9228J,OROZ-BETELU/OROTZ-BETELU,,011801W
430028N,NAVARRA,947,9228T,RONCESVALLES/ORREAGA,,011932W
424303N,NAVARRA,612,9238X,NAVASCUÉS/NABASKOZE,,010702W
422927N,ZARAGOZA,626,9244X,SOS DEL REY CATÓLICO,08090,011249W
423117N,NAVARRA,440,9245X,CÁSEDA,,012159W
422921N,NAVARRA,390,9252X,OLITE/ERRIBERRI,,013920W
425814N,NAVARRA,615,9257X,"ESTERIBAR, EMBALSE DE EUGI",,013101W
424904N,NAVARRA,450,9262,PAMPLONA,,013818W
424204N,NAVARRA,585,9262P,MONREAL/ELO,,012944W
424637N,NAVARRA,459,9263D,"PAMPLONA, AEROPUERTO",08085,013900W
424634N,NAVARRA,572,9263X,"ARANGUREN, ILUNDAIN  ",08089,013157W
425508N,NAVARRA,432,9274X,IRURTZUN,,015006W
423258N,NAVARRA,375,9280B,LARRAGA,,015127W
421225N,NAVARRA,268,9283X,CADREITA,08153,014241W
420135N,SORIA,1096,9287A,SAN PEDRO MANRIQUE,,021351W
421034N,LA RIOJA,371,9293X,"ALFARO, LA PLANA",,014438W
421155N,NAVARRA,295,9294E,"BARDENAS REALES, BASE AÉREA",08087,012831W
415453N,ZARAGOZA,475,9299X,TARAZONA,,014324W
415732N,NAVARRA,410,9301X,MONTEAGUDO,,014126W
420320N,NAVARRA,297,9302Y,TUDELA,,013634W
420716N,ZARAGOZA,321,9321X,EJEA DE LOS CABALLEROS,,010823W
415903N,ZARAGOZA,543,9336D,CASTEJON DE VALDEJASA,,005945W
411259N,SORIA,863,9344C,ARCOS DE JALÓN,,021735W
413429N,SORIA,1000,9352A,ALMAZUL,,020825W
411735N,ZARAGOZA,703,9354X,ALHAMA DE ARAGON,,015343W
403400N,TERUEL,1000,9374X,SANTA EULALIA DEL CAMPO,,011915W
404643N,GUADALAJARA,1185,9377Y,EL PEDREGAL,,013406W
405154N,TERUEL,932,9381,"CALAMOCHA, AERÓDROMO",,011818W
405534N,TERUEL,884,9381I,CALAMOCHA,08233,011736W
410652N,ZARAGOZA,779,9390,DAROCA,08157,012436W
411952N,ZARAGOZA,582,9394X,CALATAYUD,08156,013843W
412852N,ZARAGOZA,370,9427X,LA ALMUNIA DE DOÑA GODINA,,012251W
413938N,ZARAGOZA,249,9434,"ZARAGOZA, AEROPUERTO",08160,010015W
413716N,ZARAGOZA,258,9434P,"ZARAGOZA, VALDESPARTERA",08159,005605W
405943N,TERUEL,1255,9436X,FONFRÍA,,010515W
424545N,HUESCA,1800,9445L,"FORMIGAL, SARRIOS",08096,002334W
424216N,HUESCA,1850,9451F,"PANTICOSA, PETROSOS",08915,001631W
424157N,HUESCA,1100,9453X,"BIESCAS, EMBALSE DE BÚBAL",,001908W
423046N,HUESCA,775,9460X,SABIÑÁNIGO,,002120W
420146N,HUESCA,390,9491X,ALMUDÉVAR,,003509W
414748N,ZARAGOZA,405,9495Y,LECIÑENA,,003702W
412635N,ZARAGOZA,535,9501X,VALMADRID ,,005309W
412545N,ZARAGOZA,205,9510X,QUINTO,,003014W
410152N,TERUEL,800,9513X,MUNIESA,,004820W
404943N,TERUEL,895,9531Y,MONTALBÁN,,004735W
411019N,TERUEL,305,9546B,HIJAR,,002631W
405828N,TERUEL,762,9550C,"ANDORRA, HORCALLANA",,002428W
404754N,TERUEL,755,9561X,CASTELLOTE,,001855W
403718N,CASTELLON,990,9562X,MORELLA,,000607W
402955N,CASTELLON,1220,9563X,CASTELLFORT,08237,001112W
405648N,TERUEL,466,9569A,CALANDA,08166,001416W
410329N,TERUEL,334,9573X,ALCAÑIZ,08164,000830W
411433N,ZARAGOZA,215,9574B,"CASPE, PLANA DEL PILÓN",08165,000407W
413121N,ZARAGOZA,357,9576C,BUJARALOZ,08165,001028W
421957N,GIRONA,1699,9585,LA MOLINA,08117,015622E
422144N,LLEIDA,1038,9590,MARTINET  ,,014136E
422549N,LLEIDA,1940,9590D,CAP DE REC,08940,014004E
422117N,LLEIDA,677,9619,LA SEU D'URGELL,08115,012747E
421349N,LLEIDA,1196,9632X,TUIXENT,,013410E
420916N,LLEIDA,609,9638D,COLL DE NARGÓ,,011843E
414821N,LLEIDA,435,9647X,TORÀ,,012344E
415253N,LLEIDA,400,9650X,ARTESA DE SEGRE,,010631E
423730N,LLEIDA,952,9657X,ESTERRI D'ÀNEU,,010734E
423451N,LLEIDA,1907,9660,SANT MAURICI (LLAC),,010027E
422436N,LLEIDA,2410,9677,PORT AINÉ,08938,011253E
422759N,LLEIDA,1273,9689X,TORRE DE CABDELLA ,,005927E
421219N,LLEIDA,807,9698U,TALARN,08112,005155E
420401N,LLEIDA,515,9707,LLIMIANA,,005426E
414052N,LLEIDA,463,9718X,TORDERA - GRANYANELLA,,011323E
413902N,LLEIDA,388,9720X,TÀRREGA,08173,010858E
415224N,LLEIDA,520,9724X,OS DE BALAGUER,,004522E
413326N,TARRAGONA,657,9726E,LLORAC,,011834E
413701N,LLEIDA,252,9729X,MOLLERUSSA,,005200E
423012N,LLEIDA,1089,9744B,VALL DE BOÍ,,004756E
421907N,HUESCA,760,9751,SOPEIRA,,004449E
420645N,HUESCA,765,9756X,BENABARRE,,002848E
413702N,LLEIDA,199,9771,"LLEIDA, OBSERVATORIO",,003716E
413734N,LLEIDA,186,9771C,LLEIDA,08171,003553E
412158N,LLEIDA,673,9772X,LA POBLA DE CÉRVOLES,,005449E
412449N,LLEIDA,392,9775X,EL SOLERÀS,,004042E
412336N,LLEIDA,488,9776D,ELS TORMS,,004403E
423748N,HUESCA,992,9784P,BIELSA,08103,001329E
422518N,HUESCA,610,9808X,"AÍNSA-SOBRARBE, LA SERRETA",,000817E
423919N,HUESCA,1206,9812M,"PARADOR DE ORDESA, PARQUE NACIONAL ORDESA Y MONTEPERDIDO",,000557W
423736N,HUESCA,1020,9814A,TORLA,08101,000642W
423922N,HUESCA,1905,9814I,"TORLA-ORDESA, EL CEBOLLAR",08919,000728W
423815N,HUESCA,1076,9814X,TORLA - ORDESA,,000644W
423558N,HUESCA,1120,9838B,BENASQUE,,003114E
423318N,HUESCA,2374,9839V,"CERLER, COGULLA",08923,003235E
422837N,HUESCA,825,9843A,SEIRA,,002603E
421205N,HUESCA,600,9855E,"CAPELLA, LAGUARRES",,002758E
420117N,HUESCA,305,9866C,BARBASTRO,,000826E
414757N,HUESCA,300,9894Y,SARIÑENA,,000939W
420504N,HUESCA,546,9898,"HUESCA, AEROPUERTO",08094,001932W
420820N,HUESCA,463,9901X,HUESCA,,002342W
414626N,HUESCA,380,9908X,LANAJA,,001959W
413710N,HUESCA,178,9911X,BALLOBAR,,001116E
414651N,HUESCA,218,9918Y,"TAMARITE DE LITERA, LA MELUSA",,002237E
413129N,HUESCA,170,9924X,FRAGA,,002120E
405224N,TERUEL,483,9935X,VALDERROBRES,,000847E
405711N,TARRAGONA,495,9946X,HORTA DE SANT JOAN,,001842E
411038N,TARRAGONA,370,9947X,LA POBLA DE MASSALUCA,,002112E
411458N,TARRAGONA,363,9961X,CABACÉS,,004407E
410018N,TARRAGONA,112,9975X,RASQUERA,,003649E
404913N,TARRAGONA,50,9981A,ESTACIÓN DE TORTOSA (ROQUETES),08238,002936E
404157N,TARRAGONA,1,9987P,SANT JAUME D'ENVEJA,08240,004836E
424131N,LLEIDA,2467,9988B,CAP DE VAQUÈIRA,08936,005826E
424201N,LLEIDA,1161,9990X,"NAUT ARAN, ARTIES ",08107,005237E
424634N,LLEIDA,722,9994X,BOSSÒST,,004123E
430528N,NAVARRA,334,9995Y,VALCARLOS/LUZAIDE,,011803W
405517N,TERUEL,1006,9998X,BELLO,,012940W
